Code commune;Commune;Habitants
261;Zürich;396955
6621;Genève;198072
2701;Basel;169916
5586;Lausanne;135629
351;Bern;131554
230;Winterthur;108268
1061;Luzern;81295
3203;St. Gallen;75538
5192;Lugano;63583
371;Biel/Bienne;54163
942;Thun;43500
355;Köniz;40214
6421;La Chaux-de-Fonds;38957
2196;Fribourg;38489
2939;Schaffhausen;35948
6643;Vernier;34655
3901;Chur;34652
198;Uster;33886
6458;Neuchêtel;33712
6266;Sion;33532
6628;Lancy;31359
1024;Emmen;29723
5938;Yverdon-les-Bains;29700
1711;Zug;29256
1059;Kriens;27046
3340;Rapperswil-Jona;26875
191;Dübendorf;26844
243;Dietikon;26711
5886;Montreux;26433
4566;Frauenfeld;24864
121;Wetzikon (ZH);24407
3427;Wil (SG);23667
1701;Baar;23561
6630;Meyrin;22152
2125;Bulle;21991
142;Wädenswil;21621
4671;Kreuzlingen;21542
6608;Carouge (GE);21342
2703;Riehen;20743
4001;Aarau;20710
5591;Renens (VD);20537
2762;Allschwil;20464
4045;Wettingen;20298
133;Horgen;20207
5724;Nyon;20088
5890;Vevey;19453
53;Bülach;19393
4021;Baden;19012
2773;Reinach (BL);18855
6631;Onex;18635
66;Opfikon;18617
131;Adliswil;18605
199;Volketswil;18536
247;Schlieren;18453
62;Kloten;18452
5002;Bellinzona;18308
96;Regensdorf;18036
3443;Gossau (SG);18005
2581;Olten;17833
5590;Pully;17807
1630;Glarus Nord;17797
141;Thalwil;17747
6136;Martigny;17651
2770;Muttenz;17610
6153;Monthey;17512
363;Ostermundigen;16788
2546;Grenchen;16741
296;Illnau-Effretikon;16734
2601;Solothurn;16721
6248;Sierre;16711
6487;Val-de-Ruz;16586
404;Burgdorf;16228
1322;Freienbach;16037
5113;Locarno;15968
1702;Cham;15954
2831;Pratteln;15898
3001;Herisau;15721
939;Steffisburg;15689
5642;Morges;15676
69;Wallisellen;15662
4082;Wohlen (AG);15600
329;Langenthal;15447
2765;Binningen;15121
1301;Einsiedeln;15077
5254;Mendrisio;14938
1372;Schwyz;14856
306;Lyss;14341
4401;Arbon;14266
158;Stäfa;14178
2829;Liestal;14079
6640;Thônex;13955
154;Küsnacht (ZH);13830
1058;Horw;13788
156;Meilen;13531
6644;Versoix;13263
4280;Oftringen;13251
138;Richterswil;13198
4461;Amriswil;13113
1054;Ebikon;13106
4258;Rheinfelden;13105
6002;Brig-Glis;13088
356;Muri bei Bern;12984
3408;Uzwil;12781
161;Zollikon;12753
5721;Gland;12727
6711;Delémont;12593
1632;Glarus;12570
768;Spiez;12477
1331;Küssnacht (SZ);12423
3271;Buchs (SG);12414
5635;Ecublens (VD);12284
2228;Villars-sur-Glêne;12142
6623;Le Grand-Saconnex;12107
118;Rüti (ZH);12047
5589;Prilly;11968
2769;Münchenstein;11901
616;Münsingen;11813
2;Affoltern am Albis;11708
1362;Arth;11597
52;Bassersdorf;11580
861;Belp;11548
4289;Zofingen;11487
177;Pfäffikon;11454
627;Worb;11449
5889;La Tour-de-Peilz;11421
362;Ittigen;11390
3251;Altstätten;11358
6645;Veyrier;11273
4040;Spreitenbach;11253
6612;Chêne-Bougeries;11222
4095;Brugg;11200
4946;Weinfelden;11187
3851;Davos;11109
2771;Oberwil (BL);11105
6512;Val-de-Travers;10905
4254;Möhlin;10853
117;Hinwil;10848
4436;Romanshorn;10753
155;Männedorf;10593
6436;Le Locle;10444
3402;Flawil;10368
2766;Birsfelden;10356
6633;Plan-les-Ouates;10344
2937;Neuhausen am Rheinfall;10316
1707;Risch;10272
1407;Sarnen;10229
361;Zollikofen;10217
2761;Aesch (BL);10173
2775;Therwil;10007
546;Münchenbuchsee;9947
5401;Aigle;9942
6607;Bernex;9932
4012;Suhr;9904
195;Maur;9890
6007;Naters;9808
115;Gossau (ZH);9758
5606;Lutry;9747
1031;Hochdorf;9725
250;Urdorf;9688
1631;Glarus Süd;9661
3204;Wittenbach;9652
1708;Steinhausen;9543
1103;Sursee;9490
5822;Payerne;9460
120;Wald (ZH);9447
3238;Widnau;9329
2763;Arlesheim;9223
3215;Rorschach;9214
1201;Altdorf (UR);9203
5584;Epalinges;9202
4201;Lenzburg;9162
902;Langnau im Emmental;9154
56;Embrach;9139
3342;Eschenbach (SG);9123
3213;Goldach;9110
90;Niederhasli;9100
6416;Milvignes;9069
1346;Schübelbach;9016
360;Wohlen bei Bern;8987
3392;Kirchberg (SG);8874
1703;Hünenberg;8848
3955;Landquart;8822
4034;Neuenhof;8819
4551;Aadorf;8794
2534;Zuchwil;8744
3254;Oberriet (SG);8719
1364;Ingenbohl;8695
4282;Rothrist;8684
6152;Collombey-Muraz;8638
5005;Giubiasco;8627
3293;Mels;8620
4038;Obersiggenthal;8590
1709;Unterägeri;8583
3379;Wattwil;8581
6133;Fully;8524
153;Hombrechtikon;8485
6023;Conthey;8485
1344;Lachen;8480
6613;Chêne-Bourg;8472
192;Egg;8388
3442;Gaiserwald;8378
193;Fällanden;8356
1509;Stans;8277
2513;Biberist;8223
5624;Bussigny;8214
4141;Reinach (AG);8182
5250;Chiasso;8174
2275;Murten;8120
135;Kilchberg (ZH);8098
2206;Marly;8083
6031;Bagnes;8057
6616;Collonge-Bellerive;7998
3722;Domat/Ems;7880
2293;Düdingen;7794
4063;Bremgarten (AG);7775
97;Rümlang;7774
4003;Buchs (AG);7731
5583;Crissier;7730
200;Wangen-Brüttisellen;7727
4271;Aarburg;7723
4010;Oberentfelden;7714
1151;Willisau;7676
4761;Sirnach;7675
6297;Visp;7665
54;Dietlikon;7625
700;Moutier;7615
4236;Muri (AG);7591
136;Langnau am Albis;7452
4006;Gränichen;7432
5409;Ollon;7426
113;Dürnten;7421
5627;Chavannes-près-Renens;7386
6265;Savièse;7381
3231;Au (SG);7378
5402;Bex;7364
4123;Windisch;7361
1040;Rothenburg;7337
5587;Le Mont-sur-Lausanne;7282
5118;Minusio;7244
3216;Rorschacherberg;7214
227;Seuzach;7211
4044;Untersiggenthal;7161
2236;Gibloux;7139
1323;Wollerau;7048
4080;Villmergen;7021
112;Bubikon;7019
979;Herzogenbuchsee;6994
1062;Malters;6988
1140;Reiden;6976
743;Nidau;6955
3273;Grabs;6929
6729;Haute-Sorne;6886
843;Saanen;6871
563;Frutigen;6857
855;Schwarzenburg;6857
1063;Meggen;6853
5757;Orbe;6852
1098;Ruswil;6842
6800;Porrentruy;6829
92;Oberglatt;6818
1341;Altendorf;6744
928;Heimberg;6667
1093;Neuenkirch;6646
2861;Sissach;6624
245;Oberengstringen;6575
2473;Dornach;6538
5226;Capriasca;6524
5115;Losone;6517
2500;Trimbach;6505
2824;Frenkendorf;6490
2325;Chêtel-Saint-Denis;6455
1081;Beromünster;6445
2767;Bottmingen;6441
3237;Thal;6426
3407;Oberuzwil;6349
3234;Diepoldsau;6347
2517;Derendingen;6319
172;Fehraltorf;6307
6024;Nendaz;6302
152;Herrliberg;6295
3339;Uznach;6295
83;Buchs (ZH);6294
242;Birmensdorf (ZH);6254
298;Wiesendangen;6226
551;Urtenen-Schönbühl;6211
5196;Massagno;6209
2015;Estavayer-le-Lac;6208
2407;Oensingen;6203
4048;Würenlos;6200
5281;Biasca;6168
3024;Teufen (AR);6165
352;Bolligen;6138
1052;Buchrain;6132
5881;Blonay;6130
5861;Rolle;6109
1404;Kerns;6048
4008;Küttigen;6030
3296;Sargans;6026
2422;Balsthal;6019
944;Uetendorf;5998
2846;Gelterkinden;5995
159;Uetikon am See;5988
1706;Oberägeri;5940
4139;Menziken;5930
5678;Moudon;5925
86;Dielsdorf;5921
6412;Peseux;5919
1401;Alpnach;5908
4471;Bischofszell;5895
6025;Vétroz;5888
3101;Appenzell;5822
412;Kirchberg (BE);5817
3236;St. Margrethen;5792
6300;Zermatt;5759
3291;Bad Ragaz;5739
6404;Boudry;5720
231;Zell (ZH);5700
581;Interlaken;5692
593;Unterseen;5690
139;Rüschlikon;5674
1507;Hergiswil (NW);5645
5518;Echallens;5626
540;Jegenstorf;5609
5646;Saint-Prex;5603
4252;Kaiseraugst;5565
4027;Fislisbach;5556
2787;Laufen;5544
6141;Saxon;5534
3298;Walenstadt;5520
223;Neftenbach;5513
5414;Villeneuve (VD);5508
6617;Cologny;5500
151;Erlenbach (ZH);5470
64;Nürensdorf;5468
2309;Wünnewil-Flamatt;5455
5091;Ascona;5439
1502;Buochs;5433
176;Lindau;5388
194;Greifensee;5374
1051;Adligenswil;5348
4033;Mellingen;5343
3;Bonstetten;5326
5805;Oron;5309
2920;Thayngen;5293
4163;Frick;5284
4746;Münchwilen (TG);5270
5643;Préverenges;5260
3274;Sennwald;5256
359;Vechigen;5252
5613;Bourg-en-Lavaux;5239
1125;Dagmersellen;5234
3276;Wartau;5231
612;Konolfingen;5225
2542;Bellach;5211
670;Neuenegg;5194
2096;Romont (FR);5193
160;Zumikon;5172
1030;Hitzkirch;5152
1321;Feusisberg;5146
4206;Rupperswil;5144
1342;Galgenen;5141
5398;Gambarogno;5136
2053;Belmont-Broye;5106
443;Saint-Imier;5101
2586;Wangen bei Olten;5088
5888;Saint-Légier-La Chiésaz;5075
3787;St. Moritz;5067
1406;Sachseln;5066
3352;Ebnat-Kappel;5057
1213;Schattdorf;5041
137;Oberrieden;5037
55;Eglisau;5025
2828;Lausen;5014
10;Obfelden;5009
197;Schwerzenbach;5001
957;Sumiswald;4999
2519;Gerlafingen;4988
2768;Ettingen;4978
4029;Gebenstorf;4975
111;Bäretswil;4974
3341;Gommiswald;4969
387;Lengnau (BE);4956
58;Glattfelden;4955
4209;Seon;4945
6461;La Tène;4929
14;Wettswil am Albis;4920
2573;Dulliken;4897
538;Fraubrunnen;4889
1349;Wangen (SZ);4884
2543;Bettlach;4873
2583;Schönenwerd;4873
3292;Flums;4869
244;Geroldswil;4868
2579;Hägendorf;4866
2265;Kerzers;4848
297;Bauma;4842
3275;Sevelen;4828
3426;Zuzwil (SG);4812
5001;Arbedo-Castione;4812
6408;Cortaillod;4802
3313;Kaltbrunn;4788
5568;Sainte-Croix;4785
89;Niederglatt;4768
4049;Ehrendingen;4743
954;Huttwil;4741
785;Meiringen;4737
3395;Bütschwil-Ganterschwil;4734
938;Sigriswil;4727
6407;Corcelles-Cormondrèche;4719
1065;Root;4718
3619;Ilanz/Glion;4695
5238;Monteceneri;4693
3762;Scuol;4690
5236;Collina d'Oro;4671
9;Mettmenstetten;4669
157;Oetwil am See;4669
3297;Vilters-Wangs;4649
5872;Le Chenit;4644
5257;Morbio Inferiore;4633
5266;Stabio;4616
4062;Berikon;4608
1505;Ennetbürgen;4600
4285;Strengelbach;4597
4781;Wängi;4580
4047;Würenlingen;4577
4411;Egnach;4573
4204;Niederlenz;4546
2932;Beringen;4541
3871;Klosters-Serneus;4537
301;Aarberg;4529
981;Niederbipp;4524
6618;Confignon;4520
251;Weiningen (ZH);4513
1104;Triengen;4511
5108;Gordola;4511
6156;Troistorrents;4505
6455;Le Landeron;4501
3232;Balgach;4498
6217;Saint-Maurice;4494
6244;Randogne;4479
228;Turbenthal;4472
5141;Agno;4467
3255;Rebstein;4462
1704;Menzingen;4439
446;Tramelan;4417
321;Aarwangen;4408
4075;Rudolfstetten-Friedlisberg;4404
4092;Birr;4402
1510;Stansstad;4396
4203;Möriken-Wildegg;4395
4696;Tägerwilen;4388
353;Bremgarten bei Bern;4385
2825;Füllinsdorf;4385
4083;Zufikon;4380
2823;Bubendorf;4378
67;Rafz;4344
5171;Caslano;4339
1069;Weggis;4330
1010;Escholzmatt-Marbach;4326
1107;Wolhusen;4319
5582;Cheseaux-sur-Lausanne;4318
1095;Oberkirch;4316
733;Brügg;4298
178;Russikon;4292
4724;Eschlikon;4278
3424;Oberbüren;4272
4276;Kölliken;4272
72;Winkel;4246
4239;Sins;4243
870;Kehrsatz;4226
4144;Schöftland;4226
5407;Leysin;4224
217;Elgg;4218
3023;Speicher;4215
552;Utzenstorf;4213
1143;Schötz;4185
4323;Bad Zurzach;4164
5749;Chavornay;4162
1102;Sempach;4159
1008;Schüpfheim;4154
3032;Heiden;4151
2262;Gurmels;4142
4013;Unterentfelden;4120
632;Wichtrach;4115
248;Uitikon;4112
5451;Avenches;4110
6638;Satigny;4107
1402;Engelberg;4097
955;Lützelflüh;4080
929;Hilterfingen;4056
5210;Paradiso;4054
2305;Schmitten (FR);4040
51;Bachenbülach;4034
392;Pieterlen;4034
4037;Oberrohrdorf;4032
5725;Prangins;4029
544;Moosseedorf;4012
717;Valbirse;4009
3401;Degersheim;4000
3378;Neckertal;3997
1205;Bürglen (UR);3994
6240;Lens;3986
4571;Gachnang;3984
4005;Erlinsbach (AG);3973
739;Ipsach;3972
6159;Vouvry;3968
84;Dällikon;3952
4253;Magden;3949
3233;Berneck;3937
337;Roggwil (BE);3928
2493;Lostorf;3926
6082;Ayent;3922
587;Matten bei Interlaken;3916
4303;Böttstein;3916
6110;Leuk;3915
5648;Saint-Sulpice (VD);3904
6154;Port-Valais;3899
4200;Hunzenschwil;3868
4274;Brittnau;3859
4065;Dottikon;3857
4009;Muhen;3831
6402;Bevaix;3817
4304;Döttingen;3799
4208;Seengen;3787
1206;Erstfeld;3774
3405;Jonschwil;3767
3315;Schänis;3762
2495;Niedergösgen;3758
224;Pfungen;3757
2613;Breitenbach;3754
2550;Langendorf;3749
576;Grindelwald;3740
4864;Steckborn;3726
311;Schüpfen;3719
4506;Sulgen;3708
4283;Safenwil;3695
723;La Neuveville;3693
4035;Niederrohrdorf;3693
6634;Pregny-Chambésy;3693
4911;Bürglen (TG);3690
2254;Courtepin;3681
196;Mönchaltorf;3677
4545;Diessenhofen;3676
3338;Schmerikon;3668
5;Hedingen;3660
1026;Eschenbach (LU);3658
5764;Vallorbe;3654
249;Unterengstringen;3648
5477;Cossonay;3647
5717;Founex;3632
4476;Erlen;3624
173;Hittnau;3614
1094;Nottwil;3613
713;Tavannes;3612
3360;Nesslau;3611
5581;Belmont-sur-Lausanne;3604
6022;Chamoson;3587
1403;Giswil;3586
1710;Walchwil;3584
4081;Widen;3571
27;Feuerthalen;3567
3214;Mörschwil;3561
4501;Kradolf-Schönenberg;3554
567;Reichenbach im Kandertal;3549
1501;Beckenried;3544
4165;Gipf-Oberfrick;3543
383;Büren an der Aare;3537
3103;Rüte;3525
619;Oberdiessbach;3522
3217;Steinach;3519
3444;Waldkirch;3519
608;Grosshöchstetten;3516
3561;Poschiavo;3513
1367;Muotathal;3499
2284;Mont-Vully;3495
745;Port;3486
219;Elsau;3480
4;Hausen am Albis;3477
4170;Laufenburg;3471
13;Stallikon;3455
2401;Egerkingen;3447
496;Ins;3444
5884;Corsier-sur-Vevey;3443
561;Adelboden;3437
2527;Luterbach;3437
4234;Merenschwand;3420
5268;Vacallo;3419
1345;Reichenburg;3418
6232;Chalais;3410
2764;Biel-Benken;3408
4100;Hausen (AG);3407
5841;Chêteau-d'Oex;3406
2503;Erlinsbach (SO);3397
101;Steinmaur;3395
5242;Balerna;3390
2295;Bösingen;3381
116;Grüningen;3371
3947;Zizers;3361
2198;Granges-Paccot;3358
5592;Romanel-sur-Lausanne;3357
406;Hasle bei Burgdorf;3353
1002;Entlebuch;3349
2964;Stein am Rhein;3343
5611;Savigny;3342
5675;Lucens;3334
4026;Ennetbaden;3324
1373;Steinen;3312
4309;Klingnau;3312
3235;Rheineck;3311
5561;Grandson;3306
2556;Selzach;3301
4891;Berg (TG);3301
3272;Gams;3296
2321;Attalens;3295
2175;Belfaux;3288
2306;Tafers;3286
6459;Saint-Blaise;3284
180;Weisslingen;3261
6606;Bellevue;3260
342;Thunstetten;3258
1083;Buttisholz;3254
5495;Penthalaz;3244
5422;Aubonne;3240
6709;Courroux;3229
332;Madiswil;3218
6263;Grimisuat;3218
1347;Tuggen;3214
3921;Arosa;3205
4646;Ermatingen;3202
956;Rüegsau;3201
4691;Münsterlingen;3199
1097;Rickenbach (LU);3194
3945;Trimmis;3188
533;Bätterkinden;3186
3721;Bonaduz;3183
6034;Orsières;3179
2476;Hofstetten-Flüh;3162
5939;Yvonand;3156
358;Stettlen;3149
5019;Sementina;3144
5712;Coppet;3137
4260;Stein (AG);3136
2197;Givisiez;3125
1086;Grosswangen;3120
6234;Chermignon;3117
221;Hettlingen;3114
749;Studen (BE);3107
573;Brienz (BE);3101
1508;Oberdorf (NW);3100
2580;Kappel (SO);3087
6135;Leytron;3084
667;Laupen;3079
2220;Le Mouret;3073
3022;Gais;3073
5227;Torricella-Taverne;3072
2532;Subingen;3068
4131;Beinwil am See;3065
6021;Ardon;3050
88;Neerach;3047
6632;Perly-Certoux;3039
3668;Thusis;3025
3423;Niederhelfenschwil;3008
312;Seedorf (BE);3002
303;Grossaffoltern;2999
3786;Samedan;2996
4042;Turgi;2988
794;Zweisimmen;2987
5072;Faido;2986
6139;Riddes;2985
4207;Schafisheim;2973
4146;Unterkulm;2970
5831;Valbroye;2961
4431;Roggwil (TG);2952
5636;Etoy;2939
4210;Staufen;2937
2102;Ursy;2936
4024;Birmenstorf (AG);2922
623;Rubigen;2920
3312;Benken (SG);2915
418;Oberburg;2909
5138;Cugnasco-Gerra;2909
354;Kirchlindach;2900
4279;Murgenthal;2892
1136;Menznau;2884
4831;Müllheim;2884
5131;Tenero-Contra;2875
5882;Chardonne;2875
886;Wattenwil;2865
5711;Commugny;2863
5251;Coldrerio;2859
668;Mühleberg;2854
5607;Puidoux;2854
91;Niederweningen;2853
3295;Quarten;2846
1085;Geuensee;2843
5013;Monte Carasso;2832
5464;Vully-les-Lacs;2828
5282;Claro;2826
4202;Meisterschwanden;2818
4076;Sarmenstorf;2805
3394;Mosnang;2802
4721;Bichelsee-Balterswil;2801
5004;Camorino;2790
94;Otelfingen;2784
6708;Courrendlin;2783
4228;Boswil;2780
4751;Rickenbach (TG);2773
2572;Däniken;2769
3953;Maienfeld;2767
4240;Waltenschwil;2762
5003;Cadenazzo;2762
4072;Niederwil (AG);2761
4941;Märstetten;2758
751;Täuffelen;2753
5516;Cugy (VD);2750
1023;Ballwil;2748
1099;Schenkon;2747
6622;Genthod;2747
68;Rorbas;2743
5120;Muralto;2727
3506;Vaz/Obervaz;2718
6252;Anniviers;2716
2526;Lohn-Ammannsegg;2706
907;Signau;2697
3732;Flims;2697
4205;Othmarsingen;2697
4140;Oberkulm;2692
4561;Felben-Wellhausen;2691
4023;Bergdietikon;2682
744;Orpund;2675
3359;Wildhaus-Alt St. Johann;2667
4312;Lengnau (AG);2667
903;Lauperswil;2663
5633;Echandens;2662
590;Ringgenberg (BE);2658
1128;Ettiswil;2649
60;Höri;2645
4726;Fischingen;2644
2576;Gretzenbach;2643
3962;Schiers;2643
5151;Bioggio;2632
4591;Matzingen;2631
6454;Hauterive (NE);2628
6730;Val Terbi;2626
5396;Terre di Pedemonte;2618
5859;Mont-sur-Rolle;2618
594;Wilderswil;2614
5263;Riva San Vitale;2610
4421;Horn;2603
225;Rickenbach (ZH);2598
4169;Kaisten;2594
5634;Echichens;2593
310;Rapperswil (BE);2586
5317;Maggia;2584
2211;Neyruz (FR);2572
5702;Arzier-Le Muids;2571
11;Ottenbach;2569
6710;Courtételle;2569
1137;Nebikon;2565
5498;La Sarraz;2564
372;Evilard;2552
1037;Rain;2541
1032;Hohenrain;2539
6757;Saignelégier;2537
5638;Lonay;2536
6158;Vionnaz;2530
1139;Pfaffnau;2529
4305;Endingen;2528
884;Toffen;2527
572;Bönigen;2522
331;Lotzwil;2514
6642;Vandoeuvres;2513
3834;Roveredo (GR);2511
6414;Saint-Aubin-Sauges;2510
2869;Zunzgen;2508
2465;Buchegg;2507
2124;Broc;2506
4711;Affeltrangen;2495
6140;Saillon;2482
3731;Felsberg;2476
4786;Wilen (TG);2467
879;Riggisberg;2452
584;Lauterbrunnen;2451
3946;Untervaz;2445
2428;Mümliswil-Ramiswil;2444
5727;Saint-Cergue;2443
901;Eggiwil;2442
420;Rüdtligen-Alchenflüh;2435
5523;Froideville;2429
1033;Inwil;2427
6602;Anières;2426
114;Fischenthal;2420
934;Oberhofen am Thunersee;2420
4068;Hägglingen;2419
769;Wimmis;2418
2163;Val-de-Charmey;2416
5693;Montanaire;2416
2233;Hauterive (FR);2415
2886;Hölstein;2415
409;Hindelbank;2414
941;Thierachern;2414
5017;Sant'Antonino;2411
5260;Novazzano;2400
2892;Oberdorf (BL);2399
4666;Kemmental;2393
792;Lenk;2388
307;Meikirch;2386
2148;Riaz;2376
4951;Wigoltingen;2374
246;Oetwil an der Limmat;2369
3543;Surses;2369
1082;Büron;2367
6243;Montana;2363
2772;Pfeffingen;2362
2308;Ueberstorf;2357
2029;Montagny (FR);2354
6641;Troinex;2336
414;Krauchthal;2335
905;Rüderswil;2335
703;Reconvilier;2334
2183;Corminboeuf;2332
1375;Unteriberg;2330
3954;Malans;2324
6137;Martigny-Combe;2317
6238;Grône;2311
57;Freienstein-Teufen;2305
1370;Rothenthurm;2302
4104;Lupfig;2296
6292;St. Niklaus;2290
2554;Riedholz;2289
2160;Vuadens;2282
1067;Udligenswil;2278
4263;Zeiningen;2277
755;Worben;2274
992;Wangen an der Aare;2274
995;Wiedlisbach;2270
6246;Saint-Léonard;2269
4921;Bussnang;2264
3212;Eggersriet;2262
6784;Courgenay;2262
2793;Zwingen;2261
6605;Bardonnex;2260
3256;Rüthi (SG);2256
4511;Zihlschlacht-Sitterdorf;2254
2113;Vuisternens-devant-Romont;2251
31;Henggart;2249
3006;Urnäsch;2247
2099;Siviriez;2243
1311;Gersau;2240
5221;Savosa;2240
5816;Corcelles-près-Payerne;2233
4125;Schinznach;2224
562;Aeschi bei Spiez;2217
2497;Obergösgen;2217
5601;Chexbres;2216
2516;Deitingen;2215
4074;Oberwil-Lieli;2213
883;Seftigen;2211
100;Stadel;2205
2614;Büsserach;2202
4161;Eiken;2196
2406;Oberbuchsiten;2186
5713;Crans-près-Céligny;2172
5883;Corseaux;2172
4643;Bottighofen;2171
30;Andelfingen;2170
4194;Dintikon;2168
3784;Pontresina;2166
762;Diemtigen;2162
3105;Schwende;2159
1705;Neuheim;2154
2135;Gruyères;2153
4641;Altnau;2149
132;Hirzel;2148
1511;Wolfenschiessen;2148
1405;Lungern;2142
1089;Knutwil;2141
6629;Meinier;2140
4041;Stetten (AG);2139
1088;Hildisrieden;2138
3253;Marbach (SG);2137
5167;Canobbio;2137
4313;Leuggern;2130
413;Koppigen;2126
6636;Puplinge;2122
2856;Ormalingen;2114
1216;Silenen;2108
1506;Ennetmoos;2100
7;Knonau;2097
5249;Castel San Pietro;2096
5604;Forel (Lavaux);2091
3661;Cazis;2087
2904;Neunkirch;2086
4032;Mägenwil;2083
33;Kleinandelfingen;2082
2408;Wolfwil;2081
4135;Gontenschwil;2078
5050;Serravalle;2075
63;Lufingen;2072
2971;Hallau;2072
3982;Disentis/Mustér;2070
5176;Comano;2068
3618;Lumnezia;2060
2849;Itingen;2057
2404;Neuendorf;2056
3037;Walzenhausen;2054
5269;Breggia;2048
2291;Alterswil;2047
1009;Werthenstein;2044
4039;Remetschwil;2041
6008;Ried-Brig;2041
726;Plateau de Diesse;2030
3911;Churwalden;2030
4121;Villigen;2029
405;Ersigen;2026
4071;Jonen;2019
6619;Corsier (GE);2017
213;Brütten;2016
2302;St. Antoni;2014
424;Wynigen;2011
4196;Fahrwangen;2004
6410;Gorgier;2004
5231;Vezia;2000
1150;Zell (LU);1997
59;Hochfelden;1994
25;Dachsen;1988
3961;Grüsch;1984
2299;Plaffeien;1982
4223;Auw;1982
1;Aeugst am Albis;1981
5723;Mies;1981
1146;Wauwil;1978
1207;Flüelen;1972
4030;Killwangen;1960
35;Marthalen;1956
5225;Sorengo;1953
746;Safnern;1951
3673;Domleschg;1943
4841;Pfyn;1941
885;Uttigen;1940
444;Sonceboz-Sombeval;1932
181;Wila;1931
1371;Sattel;1931
4184;Mettauertal;1929
5718;Genolier;1929
4073;Oberlunkhofen;1925
450;Péry-La Heutte;1919
3111;Oberegg;1916
4486;Hauptwil-Gottshaus;1915
5428;Gimel;1913
3374;Lichtensteig;1911
4287;Vordemwald;1909
6118;Gampel-Bratsch;1909
5799;Servion;1906
304;Kallnach;1905
6199;Raron;1905
6452;Cressier (NE);1904
2200;Grolley;1900
4261;Wallbach;1900
3441;Andwil (SG);1899
2234;La Brillaz;1898
6036;Vollèges;1891
85;Dänikon;1890
1132;Hergiswil bei Willisau;1887
6219;Vernayaz;1886
1004;Flühli;1882
2621;Nunningen;1881
5212;Ponte Capriasca;1876
6157;Val-d'Illiez;1875
731;Aegerten;1874
2174;Avry;1874
140;Schönenberg (ZH);1864
5649;Tolochenaz;1859
5048;Acquarossa;1856
4061;Arni (AG);1849
2791;Röschenz;1845
6754;Le Noirmont;1845
2786;Grellingen;1840
2272;Misery-Courtion;1835
4451;Uttwil;1832
4536;Basadingen-Schlattingen;1828
2530;Recherswil;1826
5704;Begnins;1824
2501;Winznau;1820
880;Rüeggisberg;1819
6250;Veyras;1817
2140;Marsens;1809
1214;Seedorf (UR);1807
6089;Vex;1801
93;Oberweningen;1800
5198;Melide;1800
1503;Dallenwil;1797
2891;Niederdorf;1789
6215;Massongex;1787
3007;Waldstatt;1783
5049;Blenio;1783
2122;Pont-en-Ogoz;1775
3038;Wolfhalden;1775
3311;Amden;1773
626;Walkringen;1772
6603;Avully;1771
2403;Kestenholz;1770
5189;Lamone;1770
5285;Lodrino;1770
5097;Brissago;1769
6771;Alle;1765
1005;Hasle (LU);1748
603;Biglen;1745
2426;Laupersdorf;1734
3034;Rehetobel;1729
2575;Fulenbach;1726
4806;Eschenz;1725
2974;Wilchingen;1711
1039;Römerswil;1706
3021;Bühler;1705
763;Erlenbach im Simmental;1704
1066;Schwarzenberg;1704
3025;Trogen;1704
2584;Starrkirch-Wil;1700
2952;Schleitheim;1694
6083;Evolène;1689
1084;Eich;1684
431;Corgémont;1677
4871;Wagenhausen;1674
4031;Künten;1671
6790;Fontenais;1671
4821;Hüttwilen;1669
6132;Charrat;1666
6615;Collex-Bossy;1665
983;Oberbipp;1661
2041;Saint-Aubin (FR);1659
2821;Arisdorf;1659
4683;Lengwil;1659
5540;Montilliez;1656
2578;Gunzgen;1655
2553;Oberdorf (SO);1654
5632;Denges;1653
4546;Schlatt (TG);1652
5496;Penthaz;1652
628;Zäziwil;1642
982;Niederönz;1641
34;Laufen-Uhwiesen;1634
2011;Cugy (FR);1633
6235;Chippis;1632
4310;Koblenz;1628
4067;Fischbach-Göslikon;1626
732;Bellmund;1623
1203;Attinghausen;1623
6290;Saas-Fee;1621
345;Wynau;1620
5214;Porza;1620
2884;Diegten;1618
3575;Laax;1617
2149;La Roche;1613
2782;Brislach;1609
407;Heimiswil;1607
853;Rüschegg;1607
6611;Chancy;1598
2893;Reigoldswil;1597
5729;Tannay;1596
3316;Weesen;1595
6451;Cornaux;1592
5061;Airolo;1576
4145;Teufenthal (AG);1574
4656;Güttingen;1574
3294;Pfäfers;1573
4122;Villnachern;1573
6204;Steg-Hohtenn;1573
4007;Hirschthal;1571
3746;Zernez;1570
4124;Bözberg;1570
5425;Bière;1566
4091;Auenstein;1565
333;Melchnau;1557
4776;Tobel-Tägerschen;1556
1123;Altishofen;1555
4177;Sisseln;1551
852;Guggisberg;1550
3891;Luzein;1549
4022;Bellikon;1548
923;Buchholterberg;1546
5148;Bedano;1544
2834;Ziefen;1542
381;Arch;1540
2208;Matran;1539
3252;Eichberg;1539
3847;Val Müstair;1539
3792;Bregaglia;1536
2294;Giffers;1535
3782;Celerina/Schlarigna;1534
2402;Härkingen;1533
6620;Dardagny;1532
3004;Schwellbrunn;1531
5162;Cadempino;1529
5413;Roche (VD);1529
2121;Haut-Intyamon;1523
5804;Jorat-Menthue;1522
6743;Les Breuleux;1520
3422;Niederbüren;1519
5456;Cudrefin;1516
4237;Oberrüti;1512
4816;Homburg;1512
2785;Duggingen;1510
4046;Wohlenschwil;1510
2555;Rüttenen;1507
5716;Eysins;1506
988;Seeberg;1504
216;Dinhard;1494
2323;Bossonnens;1494
2481;Witterswil;1494
5193;Magliaso;1494
5885;Jongny;1494
5588;Paudex;1492
2186;Cottens (FR);1490
2478;Nuglar-St. Pantaleon;1482
5411;Ormont-Dessus;1481
2551;Lommiswil;1479
4111;Riniken;1478
1147;Wikon;1477
4002;Biberstein;1477
6111;Leukerbad;1475
2097;Rue;1473
5860;Perroy;1465
6113;Salgesch;1465
5324;Avegno Gordevio;1464
2457;Messen;1461
5197;Melano;1461
386;Dotzigen;1455
4077;Tägerig;1455
3393;Lütisburg;1451
2152;Sêles;1447
2226;Treyvaux;1442
3102;Gonten;1442
4120;Veltheim (AG);1440
5208;Origlio;1440
29;Flurlingen;1438
1053;Dierikon;1438
5871;L'Abbaye;1433
119;Seegräben;1432
2250;Courgevaux;1428
4166;Herznach;1427
37;Ossingen;1426
6604;Avusy;1426
909;Trubschachen;1425
3723;Rhäzüns;1425
5730;Trélex;1425
4611;Thundorf;1424
415;Lyssach;1422
5216;Pura;1422
5237;Alto Malcantone;1421
1127;Egolzwil;1420
690;Court;1418
4192;Boniswil;1418
5010;Lumino;1416
2830;Lupsingen;1415
2336;Semsales;1414
5585;Jouxtens-Mézery;1414
338;Rohrbach;1413
2010;Cheyres;1411
492;Erlach;1410
2792;Wahlen;1410
971;Attiswil;1407
3005;Stein (AR);1406
2050;Les Montets;1405
4441;Salmsach;1405
5655;Yens;1404
6712;Develier;1401
750;Sutz-Lattrigen;1400
2864;Thürnen;1399
99;Schöfflisdorf;1396
876;Mühlethurnen;1395
3972;Seewis im Prättigau;1390
1202;Andermatt;1387
2903;Löhningen;1387
4222;Aristau;1384
71;Wil (ZH);1381
1504;Emmetten;1380
6298;Visperterminen;1380
102;Weiach;1379
2774;Schönenbuch;1374
2296;Heitenried;1373
2963;Ramsen;1371
605;Bowil;1370
5421;Apples;1367
4901;Birwinken;1363
953;Eriswil;1362
6084;Hérémence;1362
4286;Uerkheim;1361
434;Courtelary;1360
28;Flaach;1359
5199;Mezzovico-Vira;1358
5180;Cureglia;1354
1064;Meierskappel;1352
6285;Grächen;1351
305;Kappelen;1350
3822;Mesocco;1349
6241;Miège;1349
908;Trub;1347
5112;Lavertezzo;1343
793;St. Stephan;1340
6151;Champéry;1340
6218;Salvan;1339
3218;Tübach;1337
4318;Schneisingen;1336
4195;Egliswil;1335
498;Müntschemier;1333
2479;Rodersdorf;1332
3542;Albula/Alvra;1331
4255;Mumpf;1331
2307;Tentlingen;1329
390;Meinisberg;1328
2919;Stetten (SH);1328
1091;Mauensee;1326
3986;Tujetsch;1324
82;Boppelsen;1323
3734;Trin;1323
4881;Amlikon-Bissegg;1323
5703;Bassins;1323
38;Rheinau;1321
1068;Vitznau;1320
4147;Zetzwil;1320
5707;Chavannes-de-Bogis;1318
4136;Holziken;1317
565;Kandersteg;1314
2833;Seltisberg;1308
6808;Clos du Doubs;1306
2304;St. Ursen;1305
2114;Villorsonnens;1304
2852;Läufelfingen;1302
3375;Oberhelfenschwil;1300
5194;Manno;1300
6281;Baltschieder;1300
4079;Unterlunkhofen;1298
2475;Hochwald;1293
2427;Matzendorf;1292
2162;Bas-Intyamon;1291
1135;Luthern;1289
791;Boltigen;1288
4231;Dietwil;1287
4851;Salenstein;1282
6437;Les Ponts-de-Martel;1279
614;Linden;1277
4681;Langrickenbach;1276
2525;Kriegstetten;1274
4311;Leibstadt;1274
6626;Jussy;1271
5405;Gryon;1267
5187;Gravesano;1265
3201;Häggenschwil;1264
4114;Schinznach-Bad;1264
2619;Kleinlützel;1258
3981;Breil/Brigels;1258
445;Sonvilier;1257
309;Radelfingen;1256
3033;Lutzenberg;1254
388;Leuzigen;1251
3791;Zuoz;1250
4281;Reitnau;1245
5731;Le Vaud;1244
6807;Basse-Allaine;1243
4621;Warth-Weiningen;1242
6213;Evionnaz;1242
662;Ferenbalm;1234
2111;Villaz-Saint-Pierre;1231
4416;Hefenhofen;1229
4741;Lommis;1226
6413;Rochefort;1224
5514;Bottens;1223
5719;Gingins;1223
6774;Boncourt;1223
922;Blumenstein;1222
4134;Dürrenäsch;1222
6295;Täsch;1222
3985;Sumvitg;1218
2511;Aeschi (SO);1216
4181;Wittnau;1216
5503;Vufflens-la-Ville;1216
5791;Mézières (VD);1216
6249;Venthône;1213
5782;Carrouge (VD);1208
663;Frauenkappelen;1207
904;Röthenbach im Emmental;1206
3202;Muolen;1205
3987;Trun;1202
241;Aesch (ZH);1197
438;Orvin;1195
2471;Bättwil;1195
5709;Chéserex;1195
6261;Arbaz;1195
6742;Les Bois;1195
571;Beatenberg;1194
1055;Gisikon;1189
5714;Crassier;1187
2298;Oberschrot;1185
5310;Cevio;1185
6810;La Baroche;1184
888;Wald (BE);1181
783;Hasliberg;1180
4230;Buttwil;1176
2337;Le Flon;1175
36;Oberstammheim;1174
3733;Tamins;1174
5397;Centovalli;1170
960;Wyssachen;1169
2788;Liesberg;1167
4320;Tegerfelden;1167
4143;Schmiedrued;1164
4606;Stettfurt;1164
866;Gerzensee;1163
3863;Jenaz;1163
4198;Hendschiken;1163
756;Twann-Tüscherz;1160
6601;Aire-la-Ville;1160
951;Affoltern im Emmental;1159
2702;Bettingen;1158
2895;Waldenburg;1156
2338;La Verrerie;1155
4716;Bettwiesen;1154
2547;Günsberg;1152
4199;Holderbank (AG);1148
5512;Bercher;1148
3988;Obersaxen Mundaun;1146
5521;Etagnières;1145
2145;Le Pêquier (FR);1142
5726;La Rippe;1142
1130;Gettnau;1140
6614;Choulex;1139
5857;Gilly;1134
4132;Birrwil;1132
5494;Pampigny;1126
1366;Morschach;1124
2025;Lully (FR);1124
2429;Welschenrohr;1124
2405;Niederbuchsiten;1122
4791;Wuppenau;1121
2052;Vernay;1119
5410;Ormont-Dessous;1119
6119;Turtmann-Unterems;1117
2189;Ependes (FR);1112
2528;Obergerlafingen;1111
3104;Schlatt-Haslen;1110
3551;Brusio;1106
977;Heimenhausen;1105
220;Hagenbuch;1104
4183;Zeihen;1102
566;Krattigen;1101
2153;Sorens;1098
6293;Stalden (VS);1098
1365;Lauerz;1096
2276;Ried bei Kerzers;1095
989;Thörigen;1090
1021;Aesch (LU);1088
3790;Silvaplana;1086
4616;Uesslingen-Buch;1086
4284;Staffelbach;1083
4224;Beinwil (Freiamt);1080
65;Oberembrach;1079
2235;La Sonnaz;1078
4262;Wegenstetten;1078
2499;Stüsslingen;1075
5706;Borex;1075
2301;Rechthalten;1073
5744;Ballaigues;1071
4235;Mühlau;1068
401;Aefligen;1067
952;Dürrenroth;1067
2051;Delley-Portalban;1066
863;Burgistein;1063
2461;Schnottwil;1063
869;Kaufdorf;1061
4256;Obermumpf;1060
5286;Osogna;1060
12;Rifferswil;1057
2464;Lüsslingen-Nennigkofen;1057
4107;Mülligen;1057
4110;Remigen;1054
5527;Morrens (VD);1054
5541;GoumoÃ«ns;1054
5079;Quinto;1051
5553;Champagne;1048
784;Innertkirchen;1047
3219;Untereggen;1045
6431;Les Brenets;1045
2333;Remaufens;1044
6291;Saas-Grund;1043
5064;Bodio;1037
5482;Eclépens;1037
1056;Greppen;1036
2826;Giebenach;1036
4701;Wäldi;1036
2335;Saint-Martin (FR);1034
5537;Villars-le-Terroir;1034
5715;Duillier;1034
6;Kappel am Albis;1033
5745;Baulmes;1033
6090;Mont-Noble;1033
2155;Vaulruz;1032
5486;L'Isle;1032
4229;Bünzen;1031
5511;Assens;1031
5408;Noville;1029
6782;Cornol;1029
5415;Yvorne;1027
403;Bäriswil;1023
3941;Haldenstein;1023
2480;Seewen;1022
2300;Plasselb;1021
585;Leissigen;1020
3832;Grono;1020
4811;Herdern;1020
6625;Hermance;1016
40;Trüllikon;1015
61;Hüntwangen;1014
214;Dägerlen;1014
1348;Vorderthal;1014
1041;Schongau;1012
3031;Grub (AR);1008
182;Wildberg;1006
4182;Wölflinswil;1005
2022;Gletterens;1004
5144;Arogno;1004
2221;Prez-vers-Noréaz;1002
4426;Kesswil;1002
4164;Gansingen;1000
754;Walperswil;999
2844;Buus;999
385;Diessbach bei Büren;996
2472;Büren (SO);996
302;Bargen (BE);995
2087;Mézières (FR);995
5637;Lavigny;995
2888;Langenbruck;992
767;Reutigen;990
3603;Vals;990
4315;Rekingen (AG);989
770;Stocken-Höfen;986
1122;Altbüron;986
6035;Sembrancher;984
5720;Givrins;983
4028;Freienwil;980
4064;Büttikon;980
4133;Burg (AG);979
958;Trachselwald;977
841;Gsteig;976
2544;Feldbrunnen-St. Niklaus;974
2915;Dörflingen;972
6242;Mollens (VS);972
4221;Abtwil;970
24;Buch am Irchel;966
2303;St. Silvester;963
4601;Neunforn;963
6423;La Sagne;963
2016;Fétigny;962
3002;Hundwil;962
5473;Boussens;961
2545;Flumenthal;959
3701;Andeer;958
5492;Montricher;958
5554;Concise;957
872;Kirchdorf (BE);956
5434;Saint-George;956
2116;La Folliaz;955
2274;Muntelier;955
6456;Lignières;949
2822;Augst;947
4066;Eggenwil;946
5520;Essertines-sur-Yverdon;946
6809;Haute-Ajoie;946
4175;Oeschgen;944
2853;Maisprach;943
5746;Bavois;941
5480;Daillens;940
4167;Hornussen;935
5539;Vuarrens;935
945;Unterlangenegg;934
2257;Cressier (FR);932
2618;Himmelried;930
448;Villeret;927
3372;Hemberg;927
3640;Sils im Domleschg;927
6057;Fiesch;927
42;Unterstammheim;926
611;Kiesen;924
5501;Sullens;924
602;Arni (BE);922
1374;Steinerberg;920
4277;Moosleerau;917
3952;Jenins;912
6155;Saint-Gingolph;912
344;Ursenbach;911
5406;Lavey-Morcles;911
2477;Metzerlen-Mariastein;910
906;Schangnau;905
5705;Bogis-Bossey;905
39;Thalheim an der Thur;904
3764;Valsot;904
2615;Erschwil;903
4172;Münchwilen (AG);902
4179;Ueken;900
5202;Monteggio;900
134;Hütten;898
6702;Boécourt;898
441;Renan (BE);896
3672;Safiental;896
5732;Vich;896
6010;Termen;895
2863;Tenniken;894
6173;Bitsch;894
1025;Ermensee;892
1145;Ufhusen;892
2474;Gempen;889
5843;Rougemont;887
218;Ellikon an der Thur;885
2115;Torny;885
5708;Chavannes-des-Bois;885
357;Oberbalm;883
87;Hüttikon;881
554;Wiler bei Utzenstorf;881
5073;Giornico;879
1368;Oberiberg;878
5178;Croglio;877
6087;Saint-Martin (VS);875
2520;Halten;873
5154;Bissone;871
6212;Dorénaz;870
4307;Full-Reuenthal;868
4112;Rüfenach;866
5484;Gollion;866
2523;Horriwil;865
2936;Merishausen;865
5891;Veytaux;865
6609;Cartigny;865
495;Gampelen;864
2171;Arconciel;864
2862;Tecknau;862
4801;Berlingen;861
22;Benken (ZH);860
502;Vinelz;860
5458;Faoug;860
4264;Zuzgen;859
3882;Küblis;858
5873;Le Lieu;857
5427;Féchy;856
867;Gurzelen;855
2177;Chénens;854
6134;Isérables;854
5817;Grandcour;851
6131;Bovernier;850
1218;Spiringen;846
761;Därstetten;845
3036;Wald (AR);844
742;Mörigen;843
4275;Kirchleerau;843
393;Rüti bei Büren;840
2582;Rickenbach (SO);840
3211;Berg (SG);840
2129;Corbières;839
5412;Rennaz;839
5497;Pompaples;838
842;Lauenen;836
2328;Granges (Veveyse);834
2953;Siblingen;834
382;Büetigen;833
5207;Novaggio;832
1131;Grossdietwil;831
391;Oberwil bei Büren;830
4590;Hüttlingen;830
5008;Gudo;830
2901;Gächlingen;824
2933;Buchberg;824
5205;Muzzano;821
5653;Vufflens-le-Chêteau;821
766;Oberwil im Simmental;820
3638;Scharans;820
4142;Schlossrued;820
1100;Schlierbach;819
5219;Rovio;816
5533;Poliez-Pittet;815
2131;Echarlens;814
4756;Schönholzerswilen;814
2611;Bärschwil;812
449;Sauge;810
921;Amsoldingen;809
5571;Tévenon;808
2529;Oekingen;807
4117;Thalheim (AG);807
4238;Rottenschwil;806
2173;Autigny;803
4251;Hellikon;803
5213;Ponte Tresa;803
5515;Bretigny-sur-Morrens;797
2134;Grandvillard;795
925;Fahrni;792
1363;Illgau;792
4197;Hallwil;790
2842;Böckten;789
5007;Gorduno;788
2518;Etziken;787
2068;Chêtonnaye;786
564;Kandergrund;784
5535;Saint-Barthélemy (VD);784
4273;Bottenwil;783
494;Gals;780
6101;Agarn;780
2883;Bretzwil;779
5853;Bursins;779
948;Forst-Längenbühl;776
2858;Rothenfluh;776
2860;Rünenberg;776
3752;Samnaun;773
6785;Courtedoux;772
2005;Chêbles;769
5203;Morcote;769
3821;Lostallo;767
3835;San Vittore;766
4259;Schupfart;766
5913;Donneloye;766
2455;Lüterkofen-Ichertswil;762
3789;Sils im Engadin/Segl;761
5639;Lully (VD);761
4723;Braunau;760
5121;Orselina;759
5161;Cademario;759
2917;Lohn (SH);757
4138;Leutwil;756
6639;Soral;752
1001;Doppleschwand;750
6033;Liddes;750
3785;La Punt-Chamues-ch;749
724;Nods;746
215;Dättlikon;745
2535;Drei Höfe;742
5077;Pollegio;741
620;Oberthal;739
4316;Rietheim;739
226;Schlatt (ZH);738
6193;Bürchen;738
326;Gondiswil;737
2938;Rüdlingen;736
2571;Boningen;735
5006;Gnosca;735
4193;Brunegg;732
5926;Pomy;731
2865;Wenslingen;730
2784;Dittingen;729
1129;Fischbach;726
2548;Hubersdorf;725
4094;Bözen;723
6211;Collonges;723
98;Schleinikon;722
2845;Diepflingen;719
6781;Coeuve;715
3951;Fläsch;713
5435;Saint-Livres;713
5922;Montagny-près-Yverdon;713
6220;Vérossaz;712
433;Cortébert;710
5651;Villars-Sainte-Croix;710
927;Heiligenschwendi;709
5631;Denens;709
4004;Densbüren;702
5222;Sessa;702
5136;Onsernone;701
323;Bannwil;699
2832;Ramlinsburg;699
5283;Cresciano;699
6511;Les Verrières;699
3788;S-chanf;697
4093;Birrhard;697
1219;Unterschächen;696
5856;Essertines-sur-Rolle;696
2781;Blauen;695
2843;Buckten;693
2585;Walterswil (SO);692
3035;Reute (AR);692
6635;Presinge;692
6778;Bure;690
3581;Sagogn;689
1215;Seelisberg;688
2063;Billens-Hennens;687
2217;Ponthaux;686
6203;Mörel-Filet;686
4406;Dozwil;683
6198;Niedergesteln;683
4191;Ammerswil;682
6610;Céligny;679
44;Waltalingen;678
324;Bleienbach;677
5489;Mex (VD);677
1007;Romoos;676
738;Jens;674
4176;Schwaderloch;674
943;Uebeschi;673
6775;Bonfol;669
6286;Lalden;668
2620;Meltingen;664
5909;Cheseaux-Noréaz;664
21;Adlikon;662
2138;Jaun;662
1142;Roggliswil;661
5933;Valeyres-sous-Montagny;661
6627;Laconnex;661
973;Bettenhausen;660
6750;Lajoux (JU);660
2292;Brünisried;659
622;Oppligen;658
748;Schwadernau;657
1121;Alberswil;656
211;Altikon;655
6076;Obergoms;650
4113;Scherz;649
2882;Bennwil;646
5640;Lussy-sur-Morges;646
2259;Galmiz;645
579;Habkern;644
2137;Hauteville;643
6432;La Brévine;642
8;Maschwanden;641
5855;Dully;641
2622;Zullwil;638
4319;Siglistorf;636
5522;Fey;636
2425;Holderbank (SO);635
5149;Bedigliora;635
5858;Luins;632
5195;Maroggia;631
624;Schlosswil;630
4084;Islisberg;629
6191;Ausserberg;628
3781;Bever;627
615;Mirchel;626
4826;Mammern;626
5792;Montpreveyres;626
613;Landiswil;625
5623;Buchillon;625
26;Dorf;624
980;Inkwil;624
5125;Ronco sopra Ascona;624
2213;Noréaz;623
2034;Murist;621
5743;Arnex-sur-Orbe;621
5015;Preonzo;618
3582;Schluein;616
4495;Hohentannen;616
5905;Champvent;616
6116;Varen;615
3572;Falera;614
2866;Wintersingen;613
4096;Effingen;613
2279;Villarepos;611
2616;Fehren;610
6751;Montfaucon;610
394;Wengi;609
706;Saicourt;607
4226;Besenbüren;607
617;Niederhünigen;606
5552;Bullet;606
6267;Veysonnaz;606
402;Alchenstorf;602
2266;Kleinbösingen;602
5014;Pianezzo;602
2973;Trasadingen;601
5763;Valeyres-sous-Rances;601
610;Herbligen;600
3861;Fideris;600
6721;Rossemaison;600
4173;Oberhof;599
1361;Alpthal;597
2857;Rickenbach (BL);597
2143;Morlon;592
2271;Meyriez;592
2147;Pont-la-Ville;590
592;Schwanden bei Brienz;589
81;Bachs;585
2841;Anwil;583
5919;Mathod;582
5230;Vernate;581
499;Siselen;579
786;Schattenhalb;578
991;Walliswil bei Wangen;578
1209;Gurtnellen;577
6202;Wiler (Lötschen);576
23;Berg am Irchel;573
70;Wasterkingen;573
985;Ochlenberg;573
340;Rütschelen;571
2514;Bolken;571
3831;Cama;571
4227;Bettwil;571
557;Zuzwil (BE);570
491;Brüttelen;568
2881;Arboldswil;568
5842;Rossinière;568
5904;Chamblon;568
5284;Iragna;567
5652;Villars-sous-Yens;566
543;Mattstetten;561
6239;Icogne;561
6806;Vendlincourt;560
5471;Bettens;557
5181;Curio;551
6294;Staldenried;550
2421;Aedermannsdorf;549
740;Ligerz;547
2123;Botterens;546
630;Allmendingen;545
5766;Vuiteboeuf;545
435;La Ferrière;544
5692;Vucherens;543
580;Hofstetten bei Brienz;542
5929;Suchy;542
5323;Lavizzara;540
6637;Russin;540
5530;Pailly;535
493;Finsterhennen;533
2424;Herbetswil;533
2885;Eptingen;532
5529;Oulens-sous-Echallens;531
691;Crémines;529
5761;Romainmôtier-Envy;529
497;Lüscherz;528
411;Kernenried;527
2243;Barberêche;527
3513;Lantsch/Lenz;526
5621;Aclens;525
959;Walterswil (BE);524
3003;Schönengrund;524
2492;Kienberg;521
2850;Känerkinden;520
4446;Sommeri;520
606;Brenzikofen;519
5186;Grancia;519
5432;Montherod;519
2086;Massonnens;516
6748;Les Genevez (JU);513
1211;Isenthal;512
5622;Bremblens;512
6056;Ernen;511
6624;Gy;508
6715;Mervelier;508
3521;Bergün/Bravuogn;507
3926;Maladers;506
5423;Ballens;506
5728;Signy-Avenex;506
32;Humlikon;504
6753;Muriaux;504
5551;Bonvillars;503
341;Schwarzhäusern;501
6435;La Chaux-du-Milieu;501
931;Homberg;500
6181;Riederalp;498
6485;Valangin;496
5096;Brione sopra Minusio;495
5565;Onnens (VD);495
2887;Lampenberg;491
5765;Vaulion;489
924;Eriz;487
6724;Soyhières;487
2617;Grindel;486
5160;Brusino Arsizio;485
5426;Bougy-Villars;485
2004;Bussy (FR);483
432;Cormoret;482
222;Hofstetten (ZH);481
2868;Zeglingen;481
2951;Beggingen;481
669;Münchenwiler;480
2855;Oltingen;480
574;Brienzwiler;477
3663;Masein;475
5852;Bursinel;475
6704;Chêtillon (JU);475
935;Oberlangenegg;474
4137;Leimbach (AG);474
5756;Montcherand;474
41;Truttikon;473
5478;Cottens (VD);473
322;Auswil;471
987;Rumisberg;470
5513;Bioley-Orjulaz;470
607;Freimettigen;469
6504;La Côte-aux-Fées;469
95;Regensberg;468
6296;Törbel;468
6705;Corban;465
5429;Longirod;464
877;Niedermuhlern;463
5931;Treycovagnes;463
4078;Uezwil;462
5803;Vulliens;461
2258;Fräschels;460
2962;Hemishofen;460
5760;Rances;460
5645;Romanel-sur-Morges;458
5654;Vullierens;457
5430;Marchissy;454
6194;Eischoll;453
6205;Bettmeralp;452
6074;Münster-Geschinen;451
5499;Senarclens;450
747;Scheuren;449
501;Tschugg;447
589;Oberried am Brienzersee;447
2008;Chêtillon (FR);447
2283;Wallenried;447
6287;Randa;446
3522;Filisur;445
6214;Finhaut;445
5790;Maracon;444
4306;Fisibach;440
2972;Oberhallau;439
1208;Göschenen;438
5479;Cuarnens;438
881;Rümligen;436
6075;Reckingen-Gluringen;436
5710;Coinsins;435
5813;Chevroux;435
701;Perrefitte;434
500;Treiten;433
5404;Corbeyrier;433
2039;Rueyres-les-Prés;432
993;Wangenried;431
6177;Grengiols;431
2867;Wittinsburg;429
582;Iseltwald;428
1220;Wassen;428
6706;Courchapoix;427
541;Iffwil;423
734;Bühl;423
5078;Prato (Leventina);423
5785;Corcelles-le-Jorat;423
666;Kriechenwil;422
5474;La Chaux (Cossonay);421
5487;Lussery-Villars;421
2789;Nenzlingen;420
5556;Fiez;420
2185;Corserey;418
1022;Altwis;416
5830;Villarzel;416
6117;Guttet-Feschel;415
2027;Ménières;414
2278;Ulmiz;414
716;Petit-Val;411
6052;Bellwald;411
6201;Unterbäch;411
334;Obersteckholz;410
736;Hagneck;410
2035;Nuvilly;408
2894;Titterten;408
575;Därligen;407
4099;Habsburg;407
5798;Ropraz;407
2045;Vallon;404
2502;Wisen (SO);404
3712;Zillis-Reischen;403
741;Merzligen;401
1126;Ebersecken;401
577;Gsteigwiler;399
5403;Chessel;399
2310;Zumholz;397
4308;Kaiserstuhl;396
5485;Grancy;396
6720;Rebeuvelier;396
4846;Raperswilen;395
5851;Allaman;395
339;Rohrbachgraben;394
5437;Saubraz;393
2089;Montet (Glêne);392
6792;Grandfontaine;392
4106;Mönthal;391
6288;Saas-Almagell;391
6718;Movelier;391
5755;Lignerolle;390
3983;Medel (Lucmagn);389
5531;Penthéréaz;389
694;Grandval;388
5559;Giez;388
5722;Grens;387
625;Tägertschi;386
2859;Rümlingen;386
5009;Isone;385
671;Wileroltigen;384
3694;Splügen;384
5566;Provence;384
5610;Saint-Saphorin (Lavaux);384
5491;Mont-la-Ville;383
5673;Hermenches;381
1057;Honau;380
2009;Cheiry;379
1217;Sisikon;378
2067;Le Chêtelard;377
5625;Bussy-Chardonney;377
5233;Vico Morcote;376
692;Eschert;375
5493;Orny;375
2047;Villeneuve (FR);374
5472;Bournens;372
5902;Belmont-sur-Yverdon;369
6289;Saas-Balen;369
5910;Cronay;364
5609;Rivaz;363
5644;Reverolle;361
6719;Pleigne;359
4257;Olsberg;356
4322;Wislikofen;356
6789;Fahy;355
5751;Corcelles-sur-Chavornay;353
6197;Kippel;353
5854;Burtigny;350
5821;Missy;349
5863;Vinzel;349
5143;Aranno;348
588;Niederried bei Interlaken;347
3823;Soazza;347
6081;Les Agettes;347
2914;Büttenhardt;346
5436;Saint-Oyens;346
5914;Ependes (VD);346
3633;Fürstenau;345
6004;Eggerberg;345
5076;Personico;344
578;Gündlischwand;341
43;Volken;339
5819;Henniez;339
3616;Waltensburg/Vuorz;338
5555;Corcelles-près-Concise;338
976;Graben;337
5752;Croy;335
5789;Ferlens (VD);335
5628;Chigny;333
2072;Ecublens (FR);332
2130;Crésuz;331
2044;Surpierre;330
4233;Kallern;330
5788;Essertes;330
735;Epsach;328
2827;Hersberg;328
2889;Lauwil;327
5206;Neggio;327
556;Zielebach;325
4651;Gottlieben;325
5661;Boulens;325
6434;Le Cerneux-Péquignot;325
2445;Biezwil;323
696;Loveresse;322
6009;Simplon;319
6058;Fieschertal;319
629;Oberhünigen;317
2574;Eppenberg-Wöschnau;317
4105;Mandach;317
2961;Buch (SH);316
6741;Le Bémont (JU);316
2456;Lüterswil-Gächliwil;315
664;Golaten;314
2491;Hauenstein-Ifenthal;314
3932;Tschiertschen-Praden;314
5483;Ferreyres;314
5200;Miglieglia;311
5669;Curtilles;311
5742;Agiez;310
681;Belprahon;308
5146;Astano;308
2260;Gempenach;307
947;Zwieselberg;306
878;Noflen;304
737;Hermrigen;303
3637;Rothenbrunnen;303
6283;Embd;302
5754;Juriens;301
6783;Courchavon;300
5431;Mollens (VD);295
782;Guttannen;291
2931;Bargen (SH);291
4317;Rümikon;291
5424;Berolle;291
5490;Moiry;290
6192;Blatten;288
6299;Zeneggen;288
5476;Chevilly;287
6061;Lax;286
2194;Ferpicloz;285
5680;Ogens;283
4272;Attelwil;282
711;Sorvilier;280
2790;Roggenburg;280
873;Kirchenthurnen;279
4097;Elfingen;279
5135;Vogorno;279
6453;Enges;279
5907;Chavannes-le-Chêne;278
6415;Vaumarcus;276
5924;Orges;275
2128;Chêtel-sur-Montsalvens;274
2061;Auboranges;272
2847;Häfelfingen;272
2848;Hemmiken;271
4301;Baldingen;271
410;Höchstetten;270
2043;Sévaz;270
6433;Brot-Plamboz;270
865;Gelterfingen;269
3805;Castaneda;266
6703;Bourrignon;266
2612;Beinwil (SO);265
5534;Rueyres;265
2783;Burg im Leimental;263
4314;Mellikon;262
6722;Saulcy;262
2066;Chapelle (Glêne);259
2854;Nusshof;259
5827;Trey;256
5748;Bretonnières;253
868;Jaberg;252
936;Pohlern;252
5741;L'Abergement;251
609;Häutligen;249
5671;Dompierre (VD);247
665;Gurbrü;246
875;Mühledorf (BE);245
2049;Vuissens;245
5934;Valeyres-sous-Ursins;245
6195;Ferden;244
6102;Albinen;243
6411;Montalchez;243
932;Horrenbach-Buchen;242
3514;Schmitten (GR);242
335;Oeschenbach;241
937;Schwendibach;240
5018;Sant'Antonio;239
874;Lohnstorf;235
946;Wachseldorn;235
6758;Saint-Brais;235
5560;Grandevent;232
5500;Sévery;231
5862;Tartegnin;230
3662;Flerden;229
3783;Madulain;229
990;Walliswil bei Niederbipp;224
5665;Chavannes-sur-Moudon;224
5921;Molondin;223
6422;Les Planchettes;223
5481;Dizy;222
6409;Fresens;222
586;Lütschental;219
5701;Arnex-sur-Nyon;219
5117;Mergoscia;218
3881;Conters im Prättigau;215
5911;Cuarny;215
704;Roches (BE);214
5925;Orzens;212
687;Corcelles (BE);211
3862;Furna;209
3705;Donat;208
5932;Ursins;206
975;Farnern;205
536;Diemerswil;204
423;Willadingen;203
2463;Unterramsern;203
3611;Andiast;203
5650;Vaux-sur-Morges;203
1210;Hospental;202
2541;Balm bei Günsberg;202
408;Hellsau;201
4232;Geltwil;201
5903;Bioley-Magnoux;201
6282;Eisten;201
5071;Dalpe;198
5663;Bussy-sur-Moudon;198
5930;Suscévaz;198
442;Romont (BE);195
6073;Grafschaft;195
1343;Innerthal;193
6142;Trient;193
2079;Grangettes;191
5557;Fontaines-sur-Grandson;191
6104;Ergisch;189
336;Reisiswil;188
996;Wolfisberg;187
3837;Calanca;187
5747;Bofflens;187
5750;Les Clées;186
5759;Premier;185
6793;Lugnez;184
6032;Bourg-Saint-Pierre;183
5095;Brione (Verzasca);182
5923;Oppens;182
6787;Damphreux;181
2261;Greng;177
5928;Rovray;176
5683;Prévonloup;172
422;Rüti bei Lyssach;171
325;Busswil bei Melchnau;170
5666;Chesalles-sur-Moudon;169
3681;Avers;168
4288;Wiliberg;167
4302;Böbikon;165
5915;Essert-Pittet;164
3836;Verdabbio;163
683;Champoz;161
940;Teuffenthal (BE);161
2890;Liedertswil;160
5758;La Praz;160
707;Saules (BE);159
5629;Clarmont;159
1204;Bauen;158
2225;Senèdes;156
3693;Nufenen;156
6803;Rocourt;156
2033;Morens (FR);154
2851;Kilchberg (BL);154
5563;Mutrux;154
5672;Forel-sur-Lucens;152
5674;Lovatens;150
5690;Villars-le-Comte;150
6745;Les Enfers;148
3808;Rossa;147
6054;Binn;145
5662;Brenles;144
5762;Sergey;144
1212;Realp;141
3670;Urmein;141
2216;Pierrafortscha;139
5688;Syens;139
3833;Leggia;138
416;Mötschwil;137
5937;Vugelles-La Mothe;136
5812;Champtauroz;133
6759;Soubey;132
3669;Tschappina;126
6773;Beurnevésin;126
3695;Sufers;125
6112;Oberems;125
5908;Chêne-Pêquier;124
2179;Chésopelloz;123
5012;Moleno;123
5828;Treytorrens (Payerne);123
5912;Démoret;123
5475;Chavannes-le-Veyron;120
6109;Inden;120
5562;Mauborget;119
437;Mont-Tramelan;116
6713;Ederswiler;113
5063;Bedretto;108
6716;Mettembert;107
3810;Santa Maria in Calanca;102
5564;Novalles;102
5105;Frasco;100
553;Wiggiswil;98
591;Saxeten;97
6744;La Chaux-des-Breuleux;97
2423;Gänsbrunnen;95
2498;Rohr (SO);94
2524;Hüniken;94
3804;Buseno;92
5129;Sonogno;91
5935;Villars-Epeney;90
1369;Riemenstalden;89
2230;Villarsel-sur-Marly;86
535;Deisswil bei Münchenbuchsee;85
421;Rumendingen;84
3713;Ferrera;84
6011;Zwischbergen;84
5686;Sarzens;80
6055;Blitzingen;74
3503;Mutten;72
6728;Vellerat;71
709;Seehof;68
3691;Hinterrhein;66
2038;Prévondavaux;65
5684;Rossenges;65
3711;Rongellen;59
5668;Cremin;58
5307;Campo (Vallemaggia);57
5309;Cerentino;53
389;Meienried;52
3703;Casti-Wergenstein;52
3708;Mathon;52
5304;Bosco/Gurin;52
661;Clavaleyres;49
5315;Linescio;49
5488;Mauraz;49
6064;Niederwald;47
715;Rebévelier;43
3707;Lohn (GR);43
972;Berken;40
708;Schelten;38
2549;Kammersrohr;33
6172;Bister;31
5102;Corippo;13
